category,count,review_status
ai,8,reviewed
batch,8,reviewed
behavior,68,reviewed
career,16,reviewed
company-role,250,reviewed
data-modeling,20,reviewed
data-structure,20,reviewed
database,8,reviewed
debug-code-review,20,reviewed
integration,24,reviewed
java-algorithm,40,reviewed
java-concurrency,15,reviewed
live-coding,15,reviewed
messaging,8,reviewed
migration,8,reviewed
performance,8,reviewed
portfolio,8,reviewed
refactoring,15,reviewed
security,8,reviewed
settlement,8,reviewed
sql,40,reviewed
system-design,80,reviewed
